{"cameraMode":{"drawMode":0,"name":"Shaded","section":"Shading Mode"},"sceneLighting":false,"audioPlay":false,"sceneViewState":{"m_AlwaysRefresh":false,"showFog":true,"showSkybox":true,"showFlares":true,"showImageEffects":true,"showParticleSystems":true,"showVisualEffectGraphs":true,"m_FxEnabled":true},"in2DMode":false,"pivot":{"x":0.6076359152793884,"y":7.283246994018555,"z":0.7743083834648132},"rotation":{"x":0.11375747621059418,"y":0.6729270219802856,"z":-0.10582400113344193,"w":0.7232037782669067},"size":0.20754003524780274,"orthographic":false}